Principal conservation	0
Interest conservation	0
Negative loan amounts	0
Interest cap	0
Future payments	0
Future restructuring	0
Wrong payment components	0
Wrong restructuring projection	0
Unapproved rate changes	0
Missing income months	0
Customer count	0
Loan count	0
Rented branch count	0
Owned branch count	0
Rent split	0
Lease payment split	0
Tax payable	0
Tax rate	0
Tax reconciliation	0
Profit reconciliation	0
Blocked lending limits	0
Loan balance month-end tie	0
Orphan loan	0
Orphan payment	0
Premises liability rollforward	0
Premises asset rollforward	0
Withholding rollforward	0
Branch profit totals	0
Branch interest totals	0
Tax advance totals	0
Expired exclusion offered early	0
Income orphan	0
